,geometry,Longitude,Latitude,ids
0,POINT (-98.52083333333336 -3.572916666666667),-98.52083333333336,-3.572916666666667,0
1,POINT (-98.52083333333336 -2.71875),-98.52083333333336,-2.71875,1
2,POINT (-98.52083333333336 -1.864583333333334),-98.52083333333336,-1.864583333333334,2
3,POINT (-98.52083333333334 -1.010416666666667),-98.52083333333334,-1.0104166666666667,3
4,POINT (-98.52083333333334 -0.1562500000000002),-98.52083333333334,-0.15625000000000017,4
5,POINT (-98.52083333333336 0.6979166666666663),-98.52083333333336,0.6979166666666663,5
6,POINT (-98.52083333333336 1.552083333333333),-98.52083333333336,1.552083333333333,6
7,POINT (-98.52083333333336 2.406249999999999),-98.52083333333336,2.4062499999999987,7
8,POINT (-98.52083333333336 3.260416666666667),-98.52083333333336,3.2604166666666665,8
9,POINT (-98.52083333333334 4.114583333333334),-98.52083333333334,4.114583333333334,9
10,POINT (-98.52083333333334 4.968749999999999),-98.52083333333334,4.968749999999999,10
11,POINT (-98.52083333333334 5.822916666666665),-98.52083333333334,5.822916666666665,11
12,POINT (-98.52083333333334 6.677083333333334),-98.52083333333334,6.677083333333334,12
13,POINT (-98.52083333333334 7.531250000000001),-98.52083333333334,7.531250000000001,13
14,POINT (-98.52083333333333 8.385416666666666),-98.52083333333333,8.385416666666666,14
15,POINT (-98.52083333333333 9.239583333333332),-98.52083333333333,9.239583333333332,15
16,POINT (-98.52083333333333 10.09375),-98.52083333333333,10.09375,16
17,POINT (-98.52083333333333 10.94791666666666),-98.52083333333333,10.947916666666664,17
18,POINT (-98.52083333333333 11.80208333333333),-98.52083333333333,11.802083333333332,18
19,POINT (-98.52083333333333 12.65624999999999),-98.52083333333333,12.656249999999995,19
20,POINT (-98.52083333333333 13.51041666666666),-98.52083333333333,13.510416666666664,20
21,POINT (-98.52083333333333 14.36458333333333),-98.52083333333333,14.364583333333334,21
22,POINT (-98.52083333333333 15.21875),-98.52083333333333,15.218749999999998,22
23,POINT (-98.52083333333334 16.07291666666666),-98.52083333333334,16.072916666666664,23
24,POINT (-97.56250000000001 -3.572916666666667),-97.56250000000001,-3.572916666666667,24
25,POINT (-97.56250000000001 -2.71875),-97.56250000000001,-2.71875,25
26,POINT (-97.56250000000001 -1.864583333333334),-97.56250000000001,-1.864583333333334,26
27,POINT (-97.5625 -1.010416666666667),-97.5625,-1.0104166666666667,27
28,POINT (-97.5625 -0.1562500000000002),-97.5625,-0.15625000000000017,28
29,POINT (-97.56250000000001 0.6979166666666663),-97.56250000000001,0.6979166666666663,29
30,POINT (-97.56250000000001 1.552083333333333),-97.56250000000001,1.552083333333333,30
31,POINT (-97.56250000000001 2.406249999999999),-97.56250000000001,2.4062499999999987,31
32,POINT (-97.56250000000001 3.260416666666667),-97.56250000000001,3.2604166666666665,32
33,POINT (-97.56250000000001 4.114583333333334),-97.56250000000001,4.114583333333334,33
34,POINT (-97.56250000000001 4.968749999999999),-97.56250000000001,4.968749999999999,34
35,POINT (-97.56250000000001 5.822916666666665),-97.56250000000001,5.822916666666665,35
36,POINT (-97.56250000000001 6.677083333333334),-97.56250000000001,6.677083333333334,36
37,POINT (-97.56250000000001 7.531250000000001),-97.56250000000001,7.531250000000001,37
38,POINT (-97.5625 8.385416666666666),-97.5625,8.385416666666666,38
39,POINT (-97.5625 9.239583333333332),-97.5625,9.239583333333332,39
40,POINT (-97.5625 10.09375),-97.5625,10.09375,40
41,POINT (-97.5625 10.94791666666666),-97.5625,10.947916666666664,41
42,POINT (-97.5625 11.80208333333333),-97.5625,11.802083333333332,42
43,POINT (-97.5625 12.65624999999999),-97.5625,12.656249999999995,43
44,POINT (-97.5625 13.51041666666666),-97.5625,13.510416666666664,44
45,POINT (-97.5625 14.36458333333333),-97.5625,14.364583333333334,45
46,POINT (-97.5625 15.21875),-97.5625,15.218749999999998,46
47,POINT (-97.56250000000001 16.07291666666666),-97.56250000000001,16.072916666666664,47
48,POINT (-96.60416666666667 -3.572916666666667),-96.60416666666667,-3.572916666666667,48
49,POINT (-96.60416666666667 -2.71875),-96.60416666666667,-2.71875,49
50,POINT (-96.60416666666667 -1.864583333333334),-96.60416666666667,-1.864583333333334,50
51,POINT (-96.60416666666666 -1.010416666666667),-96.60416666666666,-1.0104166666666667,51
52,POINT (-96.60416666666666 -0.1562500000000002),-96.60416666666666,-0.15625000000000017,52
53,POINT (-96.60416666666667 0.6979166666666663),-96.60416666666667,0.6979166666666663,53
54,POINT (-96.60416666666667 1.552083333333333),-96.60416666666667,1.552083333333333,54
55,POINT (-96.60416666666667 2.406249999999999),-96.60416666666667,2.4062499999999987,55
56,POINT (-96.60416666666667 3.260416666666667),-96.60416666666667,3.2604166666666665,56
57,POINT (-96.60416666666664 4.114583333333334),-96.60416666666664,4.114583333333334,57
58,POINT (-96.60416666666664 4.968749999999999),-96.60416666666664,4.968749999999999,58
59,POINT (-96.60416666666664 5.822916666666665),-96.60416666666664,5.822916666666665,59
60,POINT (-96.60416666666664 6.677083333333334),-96.60416666666664,6.677083333333334,60
61,POINT (-96.60416666666664 7.531250000000001),-96.60416666666664,7.531250000000001,61
62,POINT (-96.60416666666664 8.385416666666666),-96.60416666666664,8.385416666666666,62
63,POINT (-96.60416666666664 9.239583333333332),-96.60416666666664,9.239583333333332,63
64,POINT (-96.60416666666664 10.09375),-96.60416666666664,10.09375,64
65,POINT (-96.60416666666664 10.94791666666666),-96.60416666666664,10.947916666666664,65
66,POINT (-96.60416666666664 11.80208333333333),-96.60416666666664,11.802083333333332,66
67,POINT (-96.60416666666664 12.65624999999999),-96.60416666666664,12.656249999999995,67
68,POINT (-96.60416666666664 13.51041666666666),-96.60416666666664,13.510416666666664,68
69,POINT (-96.60416666666664 14.36458333333333),-96.60416666666664,14.364583333333334,69
70,POINT (-96.60416666666664 15.21875),-96.60416666666664,15.218749999999998,70
71,POINT (-96.60416666666666 16.07291666666666),-96.60416666666666,16.072916666666664,71
72,POINT (-95.64583333333336 -3.572916666666667),-95.64583333333336,-3.572916666666667,72
73,POINT (-95.64583333333336 -2.71875),-95.64583333333336,-2.71875,73
74,POINT (-95.64583333333336 -1.864583333333334),-95.64583333333336,-1.864583333333334,74
75,POINT (-95.64583333333334 -1.010416666666667),-95.64583333333334,-1.0104166666666667,75
76,POINT (-95.64583333333334 -0.1562500000000002),-95.64583333333334,-0.15625000000000017,76
77,POINT (-95.64583333333336 0.6979166666666663),-95.64583333333336,0.6979166666666663,77
78,POINT (-95.64583333333336 1.552083333333333),-95.64583333333336,1.552083333333333,78
79,POINT (-95.64583333333336 2.406249999999999),-95.64583333333336,2.4062499999999987,79
80,POINT (-95.64583333333336 3.260416666666667),-95.64583333333336,3.2604166666666665,80
81,POINT (-95.64583333333336 4.114583333333334),-95.64583333333336,4.114583333333334,81
82,POINT (-95.64583333333336 4.968749999999999),-95.64583333333336,4.968749999999999,82
83,POINT (-95.64583333333336 5.822916666666665),-95.64583333333336,5.822916666666665,83
84,POINT (-95.64583333333336 6.677083333333334),-95.64583333333336,6.677083333333334,84
85,POINT (-95.64583333333336 7.531250000000001),-95.64583333333336,7.531250000000001,85
86,POINT (-95.64583333333336 8.385416666666666),-95.64583333333336,8.385416666666666,86
87,POINT (-95.64583333333336 9.239583333333332),-95.64583333333336,9.239583333333332,87
88,POINT (-95.64583333333336 10.09375),-95.64583333333336,10.09375,88
89,POINT (-95.64583333333336 10.94791666666666),-95.64583333333336,10.947916666666664,89
90,POINT (-95.64583333333336 11.80208333333333),-95.64583333333336,11.802083333333332,90
91,POINT (-95.64583333333336 12.65624999999999),-95.64583333333336,12.656249999999995,91
92,POINT (-95.64583333333336 13.51041666666666),-95.64583333333336,13.510416666666664,92
93,POINT (-95.64583333333336 14.36458333333333),-95.64583333333336,14.364583333333334,93
94,POINT (-95.64583333333336 15.21875),-95.64583333333336,15.218749999999998,94
95,POINT (-95.64583333333334 16.07291666666666),-95.64583333333334,16.072916666666664,95
96,POINT (-94.68750000000001 -3.572916666666667),-94.68750000000001,-3.572916666666667,96
97,POINT (-94.68750000000001 -2.71875),-94.68750000000001,-2.71875,97
98,POINT (-94.68750000000001 -1.864583333333334),-94.68750000000001,-1.864583333333334,98
99,POINT (-94.6875 -1.010416666666667),-94.6875,-1.0104166666666667,99
100,POINT (-94.6875 -0.1562500000000002),-94.6875,-0.15625000000000017,100
101,POINT (-94.68750000000001 0.6979166666666663),-94.68750000000001,0.6979166666666663,101
102,POINT (-94.68750000000001 1.552083333333333),-94.68750000000001,1.552083333333333,102
103,POINT (-94.68750000000001 2.406249999999999),-94.68750000000001,2.4062499999999987,103
104,POINT (-94.68750000000001 3.260416666666667),-94.68750000000001,3.2604166666666665,104
105,POINT (-94.68750000000001 4.114583333333334),-94.68750000000001,4.114583333333334,105
106,POINT (-94.68750000000001 4.968749999999999),-94.68750000000001,4.968749999999999,106
107,POINT (-94.68750000000001 5.822916666666665),-94.68750000000001,5.822916666666665,107
108,POINT (-94.68750000000001 6.677083333333334),-94.68750000000001,6.677083333333334,108
109,POINT (-94.68750000000001 7.531250000000001),-94.68750000000001,7.531250000000001,109
110,POINT (-94.68750000000001 8.385416666666666),-94.68750000000001,8.385416666666666,110
111,POINT (-94.68750000000001 9.239583333333332),-94.68750000000001,9.239583333333332,111
112,POINT (-94.68750000000001 10.09375),-94.68750000000001,10.09375,112
113,POINT (-94.68750000000001 10.94791666666666),-94.68750000000001,10.947916666666664,113
114,POINT (-94.68750000000001 11.80208333333333),-94.68750000000001,11.802083333333332,114
115,POINT (-94.68750000000001 12.65624999999999),-94.68750000000001,12.656249999999995,115
116,POINT (-94.68750000000001 13.51041666666666),-94.68750000000001,13.510416666666664,116
117,POINT (-94.68750000000001 14.36458333333333),-94.68750000000001,14.364583333333334,117
118,POINT (-94.68750000000001 15.21875),-94.68750000000001,15.218749999999998,118
119,POINT (-94.68750000000001 16.07291666666666),-94.68750000000001,16.072916666666664,119
120,POINT (-93.72916666666667 -3.572916666666667),-93.72916666666667,-3.572916666666667,120
121,POINT (-93.72916666666667 -2.71875),-93.72916666666667,-2.71875,121
122,POINT (-93.72916666666667 -1.864583333333334),-93.72916666666667,-1.864583333333334,122
123,POINT (-93.72916666666666 -1.010416666666667),-93.72916666666666,-1.0104166666666667,123
124,POINT (-93.72916666666666 -0.1562500000000002),-93.72916666666666,-0.15625000000000017,124
125,POINT (-93.72916666666667 0.6979166666666663),-93.72916666666667,0.6979166666666663,125
126,POINT (-93.72916666666667 1.552083333333333),-93.72916666666667,1.552083333333333,126
127,POINT (-93.72916666666667 2.406249999999999),-93.72916666666667,2.4062499999999987,127
128,POINT (-93.72916666666667 3.260416666666667),-93.72916666666667,3.2604166666666665,128
129,POINT (-93.72916666666666 4.114583333333334),-93.72916666666666,4.114583333333334,129
130,POINT (-93.72916666666666 4.968749999999999),-93.72916666666666,4.968749999999999,130
131,POINT (-93.72916666666666 5.822916666666665),-93.72916666666666,5.822916666666665,131
132,POINT (-93.72916666666666 6.677083333333334),-93.72916666666666,6.677083333333334,132
133,POINT (-93.72916666666666 7.531250000000001),-93.72916666666666,7.531250000000001,133
134,POINT (-93.72916666666664 8.385416666666666),-93.72916666666664,8.385416666666666,134
135,POINT (-93.72916666666664 9.239583333333332),-93.72916666666664,9.239583333333332,135
136,POINT (-93.72916666666664 10.09375),-93.72916666666664,10.09375,136
137,POINT (-93.72916666666664 10.94791666666666),-93.72916666666664,10.947916666666664,137
138,POINT (-93.72916666666664 11.80208333333333),-93.72916666666664,11.802083333333332,138
139,POINT (-93.72916666666664 12.65624999999999),-93.72916666666664,12.656249999999995,139
140,POINT (-93.72916666666664 13.51041666666666),-93.72916666666664,13.510416666666664,140
141,POINT (-93.72916666666664 14.36458333333333),-93.72916666666664,14.364583333333334,141
142,POINT (-93.72916666666664 15.21875),-93.72916666666664,15.218749999999998,142
143,POINT (-93.72916666666667 16.07291666666666),-93.72916666666667,16.072916666666664,143
144,POINT (-92.77083333333333 -3.572916666666667),-92.77083333333333,-3.572916666666667,144
145,POINT (-92.77083333333333 -2.71875),-92.77083333333333,-2.71875,145
146,POINT (-92.77083333333333 -1.864583333333334),-92.77083333333333,-1.864583333333334,146
147,POINT (-92.77083333333334 -1.010416666666667),-92.77083333333334,-1.0104166666666667,147
148,POINT (-92.77083333333334 -0.1562500000000002),-92.77083333333334,-0.15625000000000017,148
149,POINT (-92.77083333333333 0.6979166666666663),-92.77083333333333,0.6979166666666663,149
150,POINT (-92.77083333333333 1.552083333333333),-92.77083333333333,1.552083333333333,150
151,POINT (-92.77083333333333 2.406249999999999),-92.77083333333333,2.4062499999999987,151
152,POINT (-92.77083333333333 3.260416666666667),-92.77083333333333,3.2604166666666665,152
153,POINT (-92.77083333333336 4.114583333333334),-92.77083333333336,4.114583333333334,153
154,POINT (-92.77083333333336 4.968749999999999),-92.77083333333336,4.968749999999999,154
155,POINT (-92.77083333333336 5.822916666666665),-92.77083333333336,5.822916666666665,155
156,POINT (-92.77083333333336 6.677083333333334),-92.77083333333336,6.677083333333334,156
157,POINT (-92.77083333333336 7.531250000000001),-92.77083333333336,7.531250000000001,157
158,POINT (-92.77083333333336 8.385416666666666),-92.77083333333336,8.385416666666666,158
159,POINT (-92.77083333333336 9.239583333333332),-92.77083333333336,9.239583333333332,159
160,POINT (-92.77083333333336 10.09375),-92.77083333333336,10.09375,160
161,POINT (-92.77083333333336 10.94791666666666),-92.77083333333336,10.947916666666664,161
162,POINT (-92.77083333333336 11.80208333333333),-92.77083333333336,11.802083333333332,162
163,POINT (-92.77083333333336 12.65624999999999),-92.77083333333336,12.656249999999995,163
164,POINT (-92.77083333333336 13.51041666666666),-92.77083333333336,13.510416666666664,164
165,POINT (-92.77083333333336 14.36458333333333),-92.77083333333336,14.364583333333334,165
166,POINT (-92.77083333333336 15.21875),-92.77083333333336,15.218749999999998,166
167,POINT (-92.77083333333333 16.07291666666666),-92.77083333333333,16.072916666666664,167
168,POINT (-91.8125 -3.572916666666667),-91.8125,-3.572916666666667,168
169,POINT (-91.8125 -2.71875),-91.8125,-2.71875,169
170,POINT (-91.8125 -1.864583333333334),-91.8125,-1.864583333333334,170
171,POINT (-91.8125 -1.010416666666667),-91.8125,-1.0104166666666667,171
172,POINT (-91.8125 -0.1562500000000002),-91.8125,-0.15625000000000017,172
173,POINT (-91.8125 0.6979166666666663),-91.8125,0.6979166666666663,173
174,POINT (-91.8125 1.552083333333333),-91.8125,1.552083333333333,174
175,POINT (-91.8125 2.406249999999999),-91.8125,2.4062499999999987,175
176,POINT (-91.8125 3.260416666666667),-91.8125,3.2604166666666665,176
177,POINT (-91.81250000000001 4.114583333333334),-91.81250000000001,4.114583333333334,177
178,POINT (-91.81250000000001 4.968749999999999),-91.81250000000001,4.968749999999999,178
179,POINT (-91.81250000000001 5.822916666666665),-91.81250000000001,5.822916666666665,179
180,POINT (-91.81250000000001 6.677083333333334),-91.81250000000001,6.677083333333334,180
181,POINT (-91.81250000000001 7.531250000000001),-91.81250000000001,7.531250000000001,181
182,POINT (-91.81250000000001 8.385416666666666),-91.81250000000001,8.385416666666666,182
183,POINT (-91.81250000000001 9.239583333333332),-91.81250000000001,9.239583333333332,183
184,POINT (-91.81250000000001 10.09375),-91.81250000000001,10.09375,184
185,POINT (-91.81250000000001 10.94791666666666),-91.81250000000001,10.947916666666664,185
186,POINT (-91.81250000000001 11.80208333333333),-91.81250000000001,11.802083333333332,186
187,POINT (-91.81250000000001 12.65624999999999),-91.81250000000001,12.656249999999995,187
188,POINT (-91.81250000000001 13.51041666666666),-91.81250000000001,13.510416666666664,188
189,POINT (-91.81250000000001 14.36458333333333),-91.81250000000001,14.364583333333334,189
190,POINT (-91.81250000000001 15.21875),-91.81250000000001,15.218749999999998,190
191,POINT (-91.8125 16.07291666666666),-91.8125,16.072916666666664,191
192,POINT (-90.85416666666667 -3.572916666666667),-90.85416666666667,-3.572916666666667,192
193,POINT (-90.85416666666667 -2.71875),-90.85416666666667,-2.71875,193
194,POINT (-90.85416666666667 -1.864583333333334),-90.85416666666667,-1.864583333333334,194
195,POINT (-90.85416666666666 -1.010416666666667),-90.85416666666666,-1.0104166666666667,195
196,POINT (-90.85416666666666 -0.1562500000000002),-90.85416666666666,-0.15625000000000017,196
197,POINT (-90.85416666666667 0.6979166666666663),-90.85416666666667,0.6979166666666663,197
198,POINT (-90.85416666666667 1.552083333333333),-90.85416666666667,1.552083333333333,198
199,POINT (-90.85416666666667 2.406249999999999),-90.85416666666667,2.4062499999999987,199
200,POINT (-90.85416666666667 3.260416666666667),-90.85416666666667,3.2604166666666665,200
201,POINT (-90.85416666666666 4.114583333333334),-90.85416666666666,4.114583333333334,201
202,POINT (-90.85416666666666 4.968749999999999),-90.85416666666666,4.968749999999999,202
203,POINT (-90.85416666666666 5.822916666666665),-90.85416666666666,5.822916666666665,203
204,POINT (-90.85416666666666 6.677083333333334),-90.85416666666666,6.677083333333334,204
205,POINT (-90.85416666666666 7.531250000000001),-90.85416666666666,7.531250000000001,205
206,POINT (-90.85416666666667 8.385416666666666),-90.85416666666667,8.385416666666666,206
207,POINT (-90.85416666666667 9.239583333333332),-90.85416666666667,9.239583333333332,207
208,POINT (-90.85416666666667 10.09375),-90.85416666666667,10.09375,208
209,POINT (-90.85416666666667 10.94791666666666),-90.85416666666667,10.947916666666664,209
210,POINT (-90.85416666666667 11.80208333333333),-90.85416666666667,11.802083333333332,210
211,POINT (-90.85416666666667 12.65624999999999),-90.85416666666667,12.656249999999995,211
212,POINT (-90.85416666666667 13.51041666666666),-90.85416666666667,13.510416666666664,212
213,POINT (-90.85416666666667 14.36458333333333),-90.85416666666667,14.364583333333334,213
214,POINT (-90.85416666666667 15.21875),-90.85416666666667,15.218749999999998,214
215,POINT (-90.85416666666666 16.07291666666666),-90.85416666666666,16.072916666666664,215
216,POINT (-89.89583333333333 -3.572916666666667),-89.89583333333333,-3.572916666666667,216
217,POINT (-89.89583333333333 -2.71875),-89.89583333333333,-2.71875,217
218,POINT (-89.89583333333333 -1.864583333333334),-89.89583333333333,-1.864583333333334,218
219,POINT (-89.89583333333334 -1.010416666666667),-89.89583333333334,-1.0104166666666667,219
220,POINT (-89.89583333333334 -0.1562500000000002),-89.89583333333334,-0.15625000000000017,220
221,POINT (-89.89583333333333 0.6979166666666663),-89.89583333333333,0.6979166666666663,221
222,POINT (-89.89583333333333 1.552083333333333),-89.89583333333333,1.552083333333333,222
223,POINT (-89.89583333333333 2.406249999999999),-89.89583333333333,2.4062499999999987,223
224,POINT (-89.89583333333333 3.260416666666667),-89.89583333333333,3.2604166666666665,224
225,POINT (-89.89583333333336 4.114583333333334),-89.89583333333336,4.114583333333334,225
226,POINT (-89.89583333333336 4.968749999999999),-89.89583333333336,4.968749999999999,226
227,POINT (-89.89583333333336 5.822916666666665),-89.89583333333336,5.822916666666665,227
228,POINT (-89.89583333333336 6.677083333333334),-89.89583333333336,6.677083333333334,228
229,POINT (-89.89583333333336 7.531250000000001),-89.89583333333336,7.531250000000001,229
230,POINT (-89.89583333333334 8.385416666666666),-89.89583333333334,8.385416666666666,230
231,POINT (-89.89583333333334 9.239583333333332),-89.89583333333334,9.239583333333332,231
232,POINT (-89.89583333333334 10.09375),-89.89583333333334,10.09375,232
233,POINT (-89.89583333333334 10.94791666666666),-89.89583333333334,10.947916666666664,233
234,POINT (-89.89583333333334 11.80208333333333),-89.89583333333334,11.802083333333332,234
235,POINT (-89.89583333333334 12.65624999999999),-89.89583333333334,12.656249999999995,235
236,POINT (-89.89583333333334 13.51041666666666),-89.89583333333334,13.510416666666664,236
237,POINT (-89.89583333333334 14.36458333333333),-89.89583333333334,14.364583333333334,237
238,POINT (-89.89583333333334 15.21875),-89.89583333333334,15.218749999999998,238
239,POINT (-89.89583333333334 16.07291666666666),-89.89583333333334,16.072916666666664,239
240,POINT (-88.9375 -3.572916666666667),-88.9375,-3.572916666666667,240
241,POINT (-88.9375 -2.71875),-88.9375,-2.71875,241
242,POINT (-88.9375 -1.864583333333334),-88.9375,-1.864583333333334,242
243,POINT (-88.93750000000001 -1.010416666666667),-88.93750000000001,-1.0104166666666667,243
244,POINT (-88.93750000000001 -0.1562500000000002),-88.93750000000001,-0.15625000000000017,244
245,POINT (-88.9375 0.6979166666666663),-88.9375,0.6979166666666663,245
246,POINT (-88.9375 1.552083333333333),-88.9375,1.552083333333333,246
247,POINT (-88.9375 2.406249999999999),-88.9375,2.4062499999999987,247
248,POINT (-88.9375 3.260416666666667),-88.9375,3.2604166666666665,248
249,POINT (-88.93750000000003 4.114583333333334),-88.93750000000003,4.114583333333334,249
250,POINT (-88.93750000000003 4.968749999999999),-88.93750000000003,4.968749999999999,250
251,POINT (-88.93750000000003 5.822916666666665),-88.93750000000003,5.822916666666665,251
252,POINT (-88.93750000000003 6.677083333333334),-88.93750000000003,6.677083333333334,252
253,POINT (-88.93750000000003 7.531250000000001),-88.93750000000003,7.531250000000001,253
254,POINT (-88.93750000000001 8.385416666666666),-88.93750000000001,8.385416666666666,254
255,POINT (-88.93750000000001 9.239583333333332),-88.93750000000001,9.239583333333332,255
256,POINT (-88.93750000000001 10.09375),-88.93750000000001,10.09375,256
257,POINT (-88.93750000000001 10.94791666666666),-88.93750000000001,10.947916666666664,257
258,POINT (-88.93750000000001 11.80208333333333),-88.93750000000001,11.802083333333332,258
259,POINT (-88.93750000000001 12.65624999999999),-88.93750000000001,12.656249999999995,259
260,POINT (-88.93750000000001 13.51041666666666),-88.93750000000001,13.510416666666664,260
261,POINT (-88.93750000000001 14.36458333333333),-88.93750000000001,14.364583333333334,261
262,POINT (-88.93750000000001 15.21875),-88.93750000000001,15.218749999999998,262
263,POINT (-88.93750000000001 16.07291666666666),-88.93750000000001,16.072916666666664,263
264,POINT (-87.97916666666667 -3.572916666666667),-87.97916666666667,-3.572916666666667,264
265,POINT (-87.97916666666667 -2.71875),-87.97916666666667,-2.71875,265
266,POINT (-87.97916666666667 -1.864583333333334),-87.97916666666667,-1.864583333333334,266
267,POINT (-87.97916666666666 -1.010416666666667),-87.97916666666666,-1.0104166666666667,267
268,POINT (-87.97916666666666 -0.1562500000000002),-87.97916666666666,-0.15625000000000017,268
269,POINT (-87.97916666666667 0.6979166666666663),-87.97916666666667,0.6979166666666663,269
270,POINT (-87.97916666666667 1.552083333333333),-87.97916666666667,1.552083333333333,270
271,POINT (-87.97916666666667 2.406249999999999),-87.97916666666667,2.4062499999999987,271
272,POINT (-87.97916666666667 3.260416666666667),-87.97916666666667,3.2604166666666665,272
273,POINT (-87.97916666666666 4.114583333333334),-87.97916666666666,4.114583333333334,273
274,POINT (-87.97916666666666 4.968749999999999),-87.97916666666666,4.968749999999999,274
275,POINT (-87.97916666666666 5.822916666666665),-87.97916666666666,5.822916666666665,275
276,POINT (-87.97916666666666 6.677083333333334),-87.97916666666666,6.677083333333334,276
277,POINT (-87.97916666666666 7.531250000000001),-87.97916666666666,7.531250000000001,277
278,POINT (-87.97916666666667 8.385416666666666),-87.97916666666667,8.385416666666666,278
279,POINT (-87.97916666666667 9.239583333333332),-87.97916666666667,9.239583333333332,279
280,POINT (-87.97916666666667 10.09375),-87.97916666666667,10.09375,280
281,POINT (-87.97916666666667 10.94791666666666),-87.97916666666667,10.947916666666664,281
282,POINT (-87.97916666666667 11.80208333333333),-87.97916666666667,11.802083333333332,282
283,POINT (-87.97916666666667 12.65624999999999),-87.97916666666667,12.656249999999995,283
284,POINT (-87.97916666666667 13.51041666666666),-87.97916666666667,13.510416666666664,284
285,POINT (-87.97916666666667 14.36458333333333),-87.97916666666667,14.364583333333334,285
286,POINT (-87.97916666666667 15.21875),-87.97916666666667,15.218749999999998,286
287,POINT (-87.97916666666666 16.07291666666666),-87.97916666666666,16.072916666666664,287
288,POINT (-87.02083333333334 -3.572916666666667),-87.02083333333334,-3.572916666666667,288
289,POINT (-87.02083333333334 -2.71875),-87.02083333333334,-2.71875,289
290,POINT (-87.02083333333334 -1.864583333333334),-87.02083333333334,-1.864583333333334,290
291,POINT (-87.02083333333334 -1.010416666666667),-87.02083333333334,-1.0104166666666667,291
292,POINT (-87.02083333333334 -0.1562500000000002),-87.02083333333334,-0.15625000000000017,292
293,POINT (-87.02083333333334 0.6979166666666663),-87.02083333333334,0.6979166666666663,293
294,POINT (-87.02083333333334 1.552083333333333),-87.02083333333334,1.552083333333333,294
295,POINT (-87.02083333333334 2.406249999999999),-87.02083333333334,2.4062499999999987,295
296,POINT (-87.02083333333334 3.260416666666667),-87.02083333333334,3.2604166666666665,296
297,POINT (-87.02083333333334 4.114583333333334),-87.02083333333334,4.114583333333334,297
298,POINT (-87.02083333333334 4.968749999999999),-87.02083333333334,4.968749999999999,298
299,POINT (-87.02083333333334 5.822916666666665),-87.02083333333334,5.822916666666665,299
300,POINT (-87.02083333333334 6.677083333333334),-87.02083333333334,6.677083333333334,300
301,POINT (-87.02083333333334 7.531250000000001),-87.02083333333334,7.531250000000001,301
302,POINT (-87.02083333333334 8.385416666666666),-87.02083333333334,8.385416666666666,302
303,POINT (-87.02083333333334 9.239583333333332),-87.02083333333334,9.239583333333332,303
304,POINT (-87.02083333333334 10.09375),-87.02083333333334,10.09375,304
305,POINT (-87.02083333333334 10.94791666666666),-87.02083333333334,10.947916666666664,305
306,POINT (-87.02083333333334 11.80208333333333),-87.02083333333334,11.802083333333332,306
307,POINT (-87.02083333333334 12.65624999999999),-87.02083333333334,12.656249999999995,307
308,POINT (-87.02083333333334 13.51041666666666),-87.02083333333334,13.510416666666664,308
309,POINT (-87.02083333333334 14.36458333333333),-87.02083333333334,14.364583333333334,309
310,POINT (-87.02083333333334 15.21875),-87.02083333333334,15.218749999999998,310
311,POINT (-87.02083333333334 16.07291666666666),-87.02083333333334,16.072916666666664,311
312,POINT (-86.0625 -3.572916666666667),-86.0625,-3.572916666666667,312
313,POINT (-86.0625 -2.71875),-86.0625,-2.71875,313
314,POINT (-86.0625 -1.864583333333334),-86.0625,-1.864583333333334,314
315,POINT (-86.06250000000001 -1.010416666666667),-86.06250000000001,-1.0104166666666667,315
316,POINT (-86.06250000000001 -0.1562500000000002),-86.06250000000001,-0.15625000000000017,316
317,POINT (-86.0625 0.6979166666666663),-86.0625,0.6979166666666663,317
318,POINT (-86.0625 1.552083333333333),-86.0625,1.552083333333333,318
319,POINT (-86.0625 2.406249999999999),-86.0625,2.4062499999999987,319
320,POINT (-86.0625 3.260416666666667),-86.0625,3.2604166666666665,320
321,POINT (-86.06250000000001 4.114583333333334),-86.06250000000001,4.114583333333334,321
322,POINT (-86.06250000000001 4.968749999999999),-86.06250000000001,4.968749999999999,322
323,POINT (-86.06250000000001 5.822916666666665),-86.06250000000001,5.822916666666665,323
324,POINT (-86.06250000000001 6.677083333333334),-86.06250000000001,6.677083333333334,324
325,POINT (-86.06250000000001 7.531250000000001),-86.06250000000001,7.531250000000001,325
326,POINT (-86.06250000000001 8.385416666666666),-86.06250000000001,8.385416666666666,326
327,POINT (-86.06250000000001 9.239583333333332),-86.06250000000001,9.239583333333332,327
328,POINT (-86.06250000000001 10.09375),-86.06250000000001,10.09375,328
329,POINT (-86.06250000000001 10.94791666666666),-86.06250000000001,10.947916666666664,329
330,POINT (-86.06250000000001 11.80208333333333),-86.06250000000001,11.802083333333332,330
331,POINT (-86.06250000000001 12.65624999999999),-86.06250000000001,12.656249999999995,331
332,POINT (-86.06250000000001 13.51041666666666),-86.06250000000001,13.510416666666664,332
333,POINT (-86.06250000000001 14.36458333333333),-86.06250000000001,14.364583333333334,333
334,POINT (-86.06250000000001 15.21875),-86.06250000000001,15.218749999999998,334
335,POINT (-86.06250000000001 16.07291666666666),-86.06250000000001,16.072916666666664,335
336,POINT (-85.10416666666667 -3.572916666666667),-85.10416666666667,-3.572916666666667,336
337,POINT (-85.10416666666667 -2.71875),-85.10416666666667,-2.71875,337
338,POINT (-85.10416666666667 -1.864583333333334),-85.10416666666667,-1.864583333333334,338
339,POINT (-85.10416666666666 -1.010416666666667),-85.10416666666666,-1.0104166666666667,339
340,POINT (-85.10416666666666 -0.1562500000000002),-85.10416666666666,-0.15625000000000017,340
341,POINT (-85.10416666666667 0.6979166666666663),-85.10416666666667,0.6979166666666663,341
342,POINT (-85.10416666666667 1.552083333333333),-85.10416666666667,1.552083333333333,342
343,POINT (-85.10416666666667 2.406249999999999),-85.10416666666667,2.4062499999999987,343
344,POINT (-85.10416666666667 3.260416666666667),-85.10416666666667,3.2604166666666665,344
345,POINT (-85.10416666666666 4.114583333333334),-85.10416666666666,4.114583333333334,345
346,POINT (-85.10416666666666 4.968749999999999),-85.10416666666666,4.968749999999999,346
347,POINT (-85.10416666666666 5.822916666666665),-85.10416666666666,5.822916666666665,347
348,POINT (-85.10416666666666 6.677083333333334),-85.10416666666666,6.677083333333334,348
349,POINT (-85.10416666666666 7.531250000000001),-85.10416666666666,7.531250000000001,349
350,POINT (-85.10416666666666 8.385416666666666),-85.10416666666666,8.385416666666666,350
351,POINT (-85.10416666666666 9.239583333333332),-85.10416666666666,9.239583333333332,351
352,POINT (-85.10416666666666 10.09375),-85.10416666666666,10.09375,352
353,POINT (-85.10416666666666 10.94791666666666),-85.10416666666666,10.947916666666664,353
354,POINT (-85.10416666666666 11.80208333333333),-85.10416666666666,11.802083333333332,354
355,POINT (-85.10416666666666 12.65624999999999),-85.10416666666666,12.656249999999995,355
356,POINT (-85.10416666666666 13.51041666666666),-85.10416666666666,13.510416666666664,356
357,POINT (-85.10416666666666 14.36458333333333),-85.10416666666666,14.364583333333334,357
358,POINT (-85.10416666666666 15.21875),-85.10416666666666,15.218749999999998,358
359,POINT (-85.10416666666664 16.07291666666666),-85.10416666666664,16.072916666666664,359
360,POINT (-84.14583333333334 -3.572916666666667),-84.14583333333334,-3.572916666666667,360
361,POINT (-84.14583333333334 -2.71875),-84.14583333333334,-2.71875,361
362,POINT (-84.14583333333334 -1.864583333333334),-84.14583333333334,-1.864583333333334,362
363,POINT (-84.14583333333334 -1.010416666666667),-84.14583333333334,-1.0104166666666667,363
364,POINT (-84.14583333333334 -0.1562500000000002),-84.14583333333334,-0.15625000000000017,364
365,POINT (-84.14583333333334 0.6979166666666663),-84.14583333333334,0.6979166666666663,365
366,POINT (-84.14583333333334 1.552083333333333),-84.14583333333334,1.552083333333333,366
367,POINT (-84.14583333333334 2.406249999999999),-84.14583333333334,2.4062499999999987,367
368,POINT (-84.14583333333334 3.260416666666667),-84.14583333333334,3.2604166666666665,368
369,POINT (-84.14583333333334 4.114583333333334),-84.14583333333334,4.114583333333334,369
370,POINT (-84.14583333333334 4.968749999999999),-84.14583333333334,4.968749999999999,370
371,POINT (-84.14583333333334 5.822916666666665),-84.14583333333334,5.822916666666665,371
372,POINT (-84.14583333333334 6.677083333333334),-84.14583333333334,6.677083333333334,372
373,POINT (-84.14583333333334 7.531250000000001),-84.14583333333334,7.531250000000001,373
374,POINT (-84.14583333333334 8.385416666666666),-84.14583333333334,8.385416666666666,374
375,POINT (-84.14583333333334 9.239583333333332),-84.14583333333334,9.239583333333332,375
376,POINT (-84.14583333333334 10.09375),-84.14583333333334,10.09375,376
377,POINT (-84.14583333333334 10.94791666666666),-84.14583333333334,10.947916666666664,377
378,POINT (-84.14583333333334 11.80208333333333),-84.14583333333334,11.802083333333332,378
379,POINT (-84.14583333333334 12.65624999999999),-84.14583333333334,12.656249999999995,379
380,POINT (-84.14583333333334 13.51041666666666),-84.14583333333334,13.510416666666664,380
381,POINT (-84.14583333333334 14.36458333333333),-84.14583333333334,14.364583333333334,381
382,POINT (-84.14583333333334 15.21875),-84.14583333333334,15.218749999999998,382
383,POINT (-84.14583333333336 16.07291666666666),-84.14583333333336,16.072916666666664,383
384,POINT (-83.1875 -3.572916666666667),-83.1875,-3.572916666666667,384
385,POINT (-83.1875 -2.71875),-83.1875,-2.71875,385
386,POINT (-83.1875 -1.864583333333334),-83.1875,-1.864583333333334,386
387,POINT (-83.18750000000001 -1.010416666666667),-83.18750000000001,-1.0104166666666667,387
388,POINT (-83.18750000000001 -0.1562500000000002),-83.18750000000001,-0.15625000000000017,388
389,POINT (-83.1875 0.6979166666666663),-83.1875,0.6979166666666663,389
390,POINT (-83.1875 1.552083333333333),-83.1875,1.552083333333333,390
391,POINT (-83.1875 2.406249999999999),-83.1875,2.4062499999999987,391
392,POINT (-83.1875 3.260416666666667),-83.1875,3.2604166666666665,392
393,POINT (-83.1875 4.114583333333334),-83.1875,4.114583333333334,393
394,POINT (-83.1875 4.968749999999999),-83.1875,4.968749999999999,394
395,POINT (-83.1875 5.822916666666665),-83.1875,5.822916666666665,395
396,POINT (-83.1875 6.677083333333334),-83.1875,6.677083333333334,396
397,POINT (-83.1875 7.531250000000001),-83.1875,7.531250000000001,397
398,POINT (-83.18750000000001 8.385416666666666),-83.18750000000001,8.385416666666666,398
399,POINT (-83.18750000000001 9.239583333333332),-83.18750000000001,9.239583333333332,399
400,POINT (-83.18750000000001 10.09375),-83.18750000000001,10.09375,400
401,POINT (-83.18750000000001 10.94791666666666),-83.18750000000001,10.947916666666664,401
402,POINT (-83.18750000000001 11.80208333333333),-83.18750000000001,11.802083333333332,402
403,POINT (-83.18750000000001 12.65624999999999),-83.18750000000001,12.656249999999995,403
404,POINT (-83.18750000000001 13.51041666666666),-83.18750000000001,13.510416666666664,404
405,POINT (-83.18750000000001 14.36458333333333),-83.18750000000001,14.364583333333334,405
406,POINT (-83.18750000000001 15.21875),-83.18750000000001,15.218749999999998,406
407,POINT (-83.1875 16.07291666666666),-83.1875,16.072916666666664,407
408,POINT (-82.22916666666667 -3.572916666666667),-82.22916666666667,-3.572916666666667,408
409,POINT (-82.22916666666667 -2.71875),-82.22916666666667,-2.71875,409
410,POINT (-82.22916666666667 -1.864583333333334),-82.22916666666667,-1.864583333333334,410
411,POINT (-82.22916666666666 -1.010416666666667),-82.22916666666666,-1.0104166666666667,411
412,POINT (-82.22916666666666 -0.1562500000000002),-82.22916666666666,-0.15625000000000017,412
413,POINT (-82.22916666666667 0.6979166666666663),-82.22916666666667,0.6979166666666663,413
414,POINT (-82.22916666666667 1.552083333333333),-82.22916666666667,1.552083333333333,414
415,POINT (-82.22916666666667 2.406249999999999),-82.22916666666667,2.4062499999999987,415
416,POINT (-82.22916666666667 3.260416666666667),-82.22916666666667,3.2604166666666665,416
417,POINT (-82.22916666666666 4.114583333333334),-82.22916666666666,4.114583333333334,417
418,POINT (-82.22916666666666 4.968749999999999),-82.22916666666666,4.968749999999999,418
419,POINT (-82.22916666666666 5.822916666666665),-82.22916666666666,5.822916666666665,419
420,POINT (-82.22916666666666 6.677083333333334),-82.22916666666666,6.677083333333334,420
421,POINT (-82.22916666666666 7.531250000000001),-82.22916666666666,7.531250000000001,421
422,POINT (-82.22916666666666 8.385416666666666),-82.22916666666666,8.385416666666666,422
423,POINT (-82.22916666666666 9.239583333333332),-82.22916666666666,9.239583333333332,423
424,POINT (-82.22916666666666 10.09375),-82.22916666666666,10.09375,424
425,POINT (-82.22916666666666 10.94791666666666),-82.22916666666666,10.947916666666664,425
426,POINT (-82.22916666666666 11.80208333333333),-82.22916666666666,11.802083333333332,426
427,POINT (-82.22916666666666 12.65624999999999),-82.22916666666666,12.656249999999995,427
428,POINT (-82.22916666666666 13.51041666666666),-82.22916666666666,13.510416666666664,428
429,POINT (-82.22916666666666 14.36458333333333),-82.22916666666666,14.364583333333334,429
430,POINT (-82.22916666666666 15.21875),-82.22916666666666,15.218749999999998,430
431,POINT (-82.22916666666666 16.07291666666666),-82.22916666666666,16.072916666666664,431
432,POINT (-81.27083333333334 -3.572916666666667),-81.27083333333334,-3.572916666666667,432
433,POINT (-81.27083333333334 -2.71875),-81.27083333333334,-2.71875,433
434,POINT (-81.27083333333334 -1.864583333333334),-81.27083333333334,-1.864583333333334,434
435,POINT (-81.27083333333334 -1.010416666666667),-81.27083333333334,-1.0104166666666667,435
436,POINT (-81.27083333333334 -0.1562500000000002),-81.27083333333334,-0.15625000000000017,436
437,POINT (-81.27083333333334 0.6979166666666663),-81.27083333333334,0.6979166666666663,437
438,POINT (-81.27083333333334 1.552083333333333),-81.27083333333334,1.552083333333333,438
439,POINT (-81.27083333333334 2.406249999999999),-81.27083333333334,2.4062499999999987,439
440,POINT (-81.27083333333334 3.260416666666667),-81.27083333333334,3.2604166666666665,440
441,POINT (-81.27083333333333 4.114583333333334),-81.27083333333333,4.114583333333334,441
442,POINT (-81.27083333333333 4.968749999999999),-81.27083333333333,4.968749999999999,442
443,POINT (-81.27083333333333 5.822916666666665),-81.27083333333333,5.822916666666665,443
444,POINT (-81.27083333333333 6.677083333333334),-81.27083333333333,6.677083333333334,444
445,POINT (-81.27083333333333 7.531250000000001),-81.27083333333333,7.531250000000001,445
446,POINT (-81.27083333333334 8.385416666666666),-81.27083333333334,8.385416666666666,446
447,POINT (-81.27083333333334 9.239583333333332),-81.27083333333334,9.239583333333332,447
448,POINT (-81.27083333333334 10.09375),-81.27083333333334,10.09375,448
449,POINT (-81.27083333333334 10.94791666666666),-81.27083333333334,10.947916666666664,449
450,POINT (-81.27083333333334 11.80208333333333),-81.27083333333334,11.802083333333332,450
451,POINT (-81.27083333333334 12.65624999999999),-81.27083333333334,12.656249999999995,451
452,POINT (-81.27083333333334 13.51041666666666),-81.27083333333334,13.510416666666664,452
453,POINT (-81.27083333333334 14.36458333333333),-81.27083333333334,14.364583333333334,453
454,POINT (-81.27083333333334 15.21875),-81.27083333333334,15.218749999999998,454
455,POINT (-81.27083333333336 16.07291666666666),-81.27083333333336,16.072916666666664,455
456,POINT (-80.3125 -3.572916666666667),-80.3125,-3.572916666666667,456
457,POINT (-80.3125 -2.71875),-80.3125,-2.71875,457
458,POINT (-80.3125 -1.864583333333334),-80.3125,-1.864583333333334,458
459,POINT (-80.3125 -1.010416666666667),-80.3125,-1.0104166666666667,459
460,POINT (-80.3125 -0.1562500000000002),-80.3125,-0.15625000000000017,460
461,POINT (-80.3125 0.6979166666666663),-80.3125,0.6979166666666663,461
462,POINT (-80.3125 1.552083333333333),-80.3125,1.552083333333333,462
463,POINT (-80.3125 2.406249999999999),-80.3125,2.4062499999999987,463
464,POINT (-80.3125 3.260416666666667),-80.3125,3.2604166666666665,464
465,POINT (-80.3125 4.114583333333334),-80.3125,4.114583333333334,465
466,POINT (-80.3125 4.968749999999999),-80.3125,4.968749999999999,466
467,POINT (-80.3125 5.822916666666665),-80.3125,5.822916666666665,467
468,POINT (-80.3125 6.677083333333334),-80.3125,6.677083333333334,468
469,POINT (-80.3125 7.531250000000001),-80.3125,7.531250000000001,469
470,POINT (-80.3125 8.385416666666666),-80.3125,8.385416666666666,470
471,POINT (-80.3125 9.239583333333332),-80.3125,9.239583333333332,471
472,POINT (-80.3125 10.09375),-80.3125,10.09375,472
473,POINT (-80.3125 10.94791666666666),-80.3125,10.947916666666664,473
474,POINT (-80.3125 11.80208333333333),-80.3125,11.802083333333332,474
475,POINT (-80.3125 12.65624999999999),-80.3125,12.656249999999995,475
476,POINT (-80.3125 13.51041666666666),-80.3125,13.510416666666664,476
477,POINT (-80.3125 14.36458333333333),-80.3125,14.364583333333334,477
478,POINT (-80.3125 15.21875),-80.3125,15.218749999999998,478
479,POINT (-80.31249999999999 16.07291666666666),-80.31249999999999,16.072916666666664,479
480,POINT (-79.35416666666667 -3.572916666666667),-79.35416666666667,-3.572916666666667,480
481,POINT (-79.35416666666667 -2.71875),-79.35416666666667,-2.71875,481
482,POINT (-79.35416666666667 -1.864583333333334),-79.35416666666667,-1.864583333333334,482
483,POINT (-79.35416666666666 -1.010416666666667),-79.35416666666666,-1.0104166666666667,483
484,POINT (-79.35416666666666 -0.1562500000000002),-79.35416666666666,-0.15625000000000017,484
485,POINT (-79.35416666666667 0.6979166666666663),-79.35416666666667,0.6979166666666663,485
486,POINT (-79.35416666666667 1.552083333333333),-79.35416666666667,1.552083333333333,486
487,POINT (-79.35416666666667 2.406249999999999),-79.35416666666667,2.4062499999999987,487
488,POINT (-79.35416666666667 3.260416666666667),-79.35416666666667,3.2604166666666665,488
489,POINT (-79.35416666666666 4.114583333333334),-79.35416666666666,4.114583333333334,489
490,POINT (-79.35416666666666 4.968749999999999),-79.35416666666666,4.968749999999999,490
491,POINT (-79.35416666666666 5.822916666666665),-79.35416666666666,5.822916666666665,491
492,POINT (-79.35416666666666 6.677083333333334),-79.35416666666666,6.677083333333334,492
493,POINT (-79.35416666666666 7.531250000000001),-79.35416666666666,7.531250000000001,493
494,POINT (-79.35416666666666 8.385416666666666),-79.35416666666666,8.385416666666666,494
495,POINT (-79.35416666666666 9.239583333333332),-79.35416666666666,9.239583333333332,495
496,POINT (-79.35416666666666 10.09375),-79.35416666666666,10.09375,496
497,POINT (-79.35416666666666 10.94791666666666),-79.35416666666666,10.947916666666664,497
498,POINT (-79.35416666666666 11.80208333333333),-79.35416666666666,11.802083333333332,498
499,POINT (-79.35416666666666 12.65624999999999),-79.35416666666666,12.656249999999995,499
500,POINT (-79.35416666666666 13.51041666666666),-79.35416666666666,13.510416666666664,500
501,POINT (-79.35416666666666 14.36458333333333),-79.35416666666666,14.364583333333334,501
502,POINT (-79.35416666666666 15.21875),-79.35416666666666,15.218749999999998,502
503,POINT (-79.35416666666666 16.07291666666666),-79.35416666666666,16.072916666666664,503
504,POINT (-78.39583333333334 -3.572916666666667),-78.39583333333334,-3.572916666666667,504
505,POINT (-78.39583333333334 -2.71875),-78.39583333333334,-2.71875,505
506,POINT (-78.39583333333334 -1.864583333333334),-78.39583333333334,-1.864583333333334,506
507,POINT (-78.39583333333334 -1.010416666666667),-78.39583333333334,-1.0104166666666667,507
508,POINT (-78.39583333333334 -0.1562500000000002),-78.39583333333334,-0.15625000000000017,508
509,POINT (-78.39583333333334 0.6979166666666663),-78.39583333333334,0.6979166666666663,509
510,POINT (-78.39583333333334 1.552083333333333),-78.39583333333334,1.552083333333333,510
511,POINT (-78.39583333333334 2.406249999999999),-78.39583333333334,2.4062499999999987,511
512,POINT (-78.39583333333334 3.260416666666667),-78.39583333333334,3.2604166666666665,512
513,POINT (-78.39583333333333 4.114583333333334),-78.39583333333333,4.114583333333334,513
514,POINT (-78.39583333333333 4.968749999999999),-78.39583333333333,4.968749999999999,514
515,POINT (-78.39583333333333 5.822916666666665),-78.39583333333333,5.822916666666665,515
516,POINT (-78.39583333333333 6.677083333333334),-78.39583333333333,6.677083333333334,516
517,POINT (-78.39583333333333 7.531250000000001),-78.39583333333333,7.531250000000001,517
518,POINT (-78.39583333333334 8.385416666666666),-78.39583333333334,8.385416666666666,518
519,POINT (-78.39583333333334 9.239583333333332),-78.39583333333334,9.239583333333332,519
520,POINT (-78.39583333333334 10.09375),-78.39583333333334,10.09375,520
521,POINT (-78.39583333333334 10.94791666666666),-78.39583333333334,10.947916666666664,521
522,POINT (-78.39583333333334 11.80208333333333),-78.39583333333334,11.802083333333332,522
523,POINT (-78.39583333333334 12.65624999999999),-78.39583333333334,12.656249999999995,523
524,POINT (-78.39583333333334 13.51041666666666),-78.39583333333334,13.510416666666664,524
525,POINT (-78.39583333333334 14.36458333333333),-78.39583333333334,14.364583333333334,525
526,POINT (-78.39583333333334 15.21875),-78.39583333333334,15.218749999999998,526
527,POINT (-78.39583333333334 16.07291666666666),-78.39583333333334,16.072916666666664,527
528,POINT (-77.4375 -3.572916666666667),-77.4375,-3.572916666666667,528
529,POINT (-77.4375 -2.71875),-77.4375,-2.71875,529
530,POINT (-77.4375 -1.864583333333334),-77.4375,-1.864583333333334,530
531,POINT (-77.43749999999999 -1.010416666666667),-77.43749999999999,-1.0104166666666667,531
532,POINT (-77.43749999999999 -0.1562500000000002),-77.43749999999999,-0.15625000000000017,532
533,POINT (-77.4375 0.6979166666666663),-77.4375,0.6979166666666663,533
534,POINT (-77.4375 1.552083333333333),-77.4375,1.552083333333333,534
535,POINT (-77.4375 2.406249999999999),-77.4375,2.4062499999999987,535
536,POINT (-77.4375 3.260416666666667),-77.4375,3.2604166666666665,536
537,POINT (-77.43749999999999 4.114583333333334),-77.43749999999999,4.114583333333334,537
538,POINT (-77.43749999999999 4.968749999999999),-77.43749999999999,4.968749999999999,538
539,POINT (-77.43749999999999 5.822916666666665),-77.43749999999999,5.822916666666665,539
540,POINT (-77.43749999999999 6.677083333333334),-77.43749999999999,6.677083333333334,540
541,POINT (-77.43749999999999 7.531250000000001),-77.43749999999999,7.531250000000001,541
542,POINT (-77.4375 8.385416666666666),-77.4375,8.385416666666666,542
543,POINT (-77.4375 9.239583333333332),-77.4375,9.239583333333332,543
544,POINT (-77.4375 10.09375),-77.4375,10.09375,544
545,POINT (-77.4375 10.94791666666666),-77.4375,10.947916666666664,545
546,POINT (-77.4375 11.80208333333333),-77.4375,11.802083333333332,546
547,POINT (-77.4375 12.65624999999999),-77.4375,12.656249999999995,547
548,POINT (-77.4375 13.51041666666666),-77.4375,13.510416666666664,548
549,POINT (-77.4375 14.36458333333333),-77.4375,14.364583333333334,549
550,POINT (-77.4375 15.21875),-77.4375,15.218749999999998,550
551,POINT (-77.4375 16.07291666666666),-77.4375,16.072916666666664,551
552,POINT (-76.47916666666666 -3.572916666666667),-76.47916666666666,-3.572916666666667,552
553,POINT (-76.47916666666666 -2.71875),-76.47916666666666,-2.71875,553
554,POINT (-76.47916666666666 -1.864583333333334),-76.47916666666666,-1.864583333333334,554
555,POINT (-76.47916666666666 -1.010416666666667),-76.47916666666666,-1.0104166666666667,555
556,POINT (-76.47916666666666 -0.1562500000000002),-76.47916666666666,-0.15625000000000017,556
557,POINT (-76.47916666666666 0.6979166666666663),-76.47916666666666,0.6979166666666663,557
558,POINT (-76.47916666666666 1.552083333333333),-76.47916666666666,1.552083333333333,558
559,POINT (-76.47916666666666 2.406249999999999),-76.47916666666666,2.4062499999999987,559
560,POINT (-76.47916666666666 3.260416666666667),-76.47916666666666,3.2604166666666665,560
561,POINT (-76.47916666666666 4.114583333333334),-76.47916666666666,4.114583333333334,561
562,POINT (-76.47916666666666 4.968749999999999),-76.47916666666666,4.968749999999999,562
563,POINT (-76.47916666666666 5.822916666666665),-76.47916666666666,5.822916666666665,563
564,POINT (-76.47916666666666 6.677083333333334),-76.47916666666666,6.677083333333334,564
565,POINT (-76.47916666666666 7.531250000000001),-76.47916666666666,7.531250000000001,565
566,POINT (-76.47916666666666 8.385416666666666),-76.47916666666666,8.385416666666666,566
567,POINT (-76.47916666666666 9.239583333333332),-76.47916666666666,9.239583333333332,567
568,POINT (-76.47916666666666 10.09375),-76.47916666666666,10.09375,568
569,POINT (-76.47916666666666 10.94791666666666),-76.47916666666666,10.947916666666664,569
570,POINT (-76.47916666666666 11.80208333333333),-76.47916666666666,11.802083333333332,570
571,POINT (-76.47916666666666 12.65624999999999),-76.47916666666666,12.656249999999995,571
572,POINT (-76.47916666666666 13.51041666666666),-76.47916666666666,13.510416666666664,572
573,POINT (-76.47916666666666 14.36458333333333),-76.47916666666666,14.364583333333334,573
574,POINT (-76.47916666666666 15.21875),-76.47916666666666,15.218749999999998,574
575,POINT (-76.47916666666666 16.07291666666666),-76.47916666666666,16.072916666666664,575
